week_id,week_start,week_end,posts_processed,twitter_posts,truth_posts,reposts,original_posts,unique_nodes,edge_count,negative_posts,neutral_posts,positive_posts
2009-W19,2009-05-04,2009-05-10,4,4,0,0,4,4,3,0,2,2
2009-W20,2009-05-11,2009-05-17,7,7,0,0,7,9,11,0,5,2
2009-W21,2009-05-18,2009-05-24,7,7,0,0,7,7,9,0,2,5
2009-W22,2009-05-25,2009-05-31,3,3,0,0,3,6,6,0,3,0
2009-W23,2009-06-01,2009-06-07,2,2,0,0,2,5,4,0,2,0
2009-W24,2009-06-08,2009-06-14,2,2,0,0,2,2,1,0,1,1
2009-W25,2009-06-15,2009-06-21,3,3,0,0,3,3,3,0,1,2
2009-W26,2009-06-22,2009-06-28,3,3,0,0,3,6,9,1,0,2
2009-W27,2009-06-29,2009-07-05,2,2,0,0,2,5,7,0,0,2
2009-W29,2009-07-13,2009-07-19,2,2,0,0,2,8,13,0,1,1
2009-W30,2009-07-20,2009-07-26,1,1,0,0,1,1,0,0,0,1
2009-W31,2009-07-27,2009-08-02,1,1,0,0,1,2,1,0,1,0
2009-W32,2009-08-03,2009-08-09,1,1,0,0,1,3,3,0,1,0
2009-W33,2009-08-10,2009-08-16,2,2,0,0,2,6,6,0,0,2
2009-W34,2009-08-17,2009-08-23,3,3,0,0,3,5,6,0,3,0
2009-W35,2009-08-24,2009-08-30,1,1,0,0,1,2,1,0,1,0
2009-W36,2009-08-31,2009-09-06,1,1,0,0,1,2,1,0,1,0
2009-W38,2009-09-14,2009-09-20,1,1,0,0,1,2,1,0,1,0
2009-W40,2009-09-28,2009-10-04,1,1,0,0,1,3,3,0,1,0
2009-W41,2009-10-05,2009-10-11,1,1,0,0,1,4,6,0,1,0
2009-W42,2009-10-12,2009-10-18,1,1,0,0,1,3,3,0,1,0
2009-W43,2009-10-19,2009-10-25,1,1,0,0,1,3,3,0,1,0
2009-W44,2009-10-26,2009-11-01,1,1,0,0,1,5,10,0,0,1
2009-W45,2009-11-02,2009-11-08,1,1,0,0,1,3,3,0,0,1
2009-W47,2009-11-16,2009-11-22,1,1,0,0,1,3,3,0,1,0
2009-W48,2009-11-23,2009-11-29,1,1,0,0,1,1,0,0,0,1
2009-W49,2009-11-30,2009-12-06,1,1,0,0,1,4,6,0,0,1
2009-W52,2009-12-21,2009-12-27,1,1,0,0,1,2,1,0,0,1
2010-W02,2010-01-11,2010-01-17,2,2,0,0,2,4,4,0,0,2
2010-W03,2010-01-18,2010-01-24,2,2,0,0,2,5,10,0,1,1
2010-W05,2010-02-01,2010-02-07,1,1,0,0,1,1,0,0,0,1
2010-W06,2010-02-08,2010-02-14,2,2,0,0,2,2,1,0,2,0
2010-W08,2010-02-22,2010-02-28,1,1,0,0,1,5,10,0,0,1
2010-W09,2010-03-01,2010-03-07,1,1,0,0,1,4,6,0,0,1
2010-W10,2010-03-08,2010-03-14,1,1,0,0,1,2,1,0,0,1
2010-W11,2010-03-15,2010-03-21,4,4,0,0,4,3,1,0,0,4
2010-W12,2010-03-22,2010-03-28,2,2,0,0,2,2,0,0,2,0
2010-W13,2010-03-29,2010-04-04,3,3,0,0,3,7,13,0,1,2
2010-W14,2010-04-05,2010-04-11,5,5,0,0,5,7,5,0,0,5
2010-W15,2010-04-12,2010-04-18,4,4,0,0,4,4,2,0,1,3
2010-W16,2010-04-19,2010-04-25,4,4,0,0,4,8,12,0,1,3
2010-W17,2010-04-26,2010-05-02,4,4,0,0,4,9,16,0,0,4
2010-W18,2010-05-03,2010-05-09,4,4,0,0,4,7,8,0,1,3
2010-W19,2010-05-10,2010-05-16,1,1,0,0,1,3,3,0,0,1
2010-W20,2010-05-17,2010-05-23,5,5,0,0,5,6,6,0,3,2
2010-W21,2010-05-24,2010-05-30,7,7,0,0,7,7,6,0,0,7
2010-W22,2010-05-31,2010-06-06,4,4,0,0,4,6,10,0,0,4
2010-W23,2010-06-07,2010-06-13,4,4,0,0,4,7,10,0,2,2
2010-W24,2010-06-14,2010-06-20,4,4,0,0,4,3,2,0,2,2
2010-W25,2010-06-21,2010-06-27,4,4,0,0,4,5,7,0,2,2
2010-W26,2010-06-28,2010-07-04,4,4,0,0,4,8,10,0,1,3
2010-W27,2010-07-05,2010-07-11,1,1,0,0,1,1,0,0,0,1
2010-W28,2010-07-12,2010-07-18,1,1,0,0,1,2,1,0,0,1
2010-W29,2010-07-19,2010-07-25,4,4,0,0,4,4,1,0,1,3
2010-W30,2010-07-26,2010-08-01,4,4,0,0,4,5,4,0,1,3
2010-W31,2010-08-02,2010-08-08,2,2,0,0,2,4,6,0,2,0
2010-W32,2010-08-09,2010-08-15,7,7,0,0,7,8,13,0,3,4
2010-W33,2010-08-16,2010-08-22,2,2,0,0,2,2,1,0,0,2
2010-W34,2010-08-23,2010-08-29,3,3,0,0,3,4,4,0,0,3
2010-W35,2010-08-30,2010-09-05,5,5,0,0,5,14,22,0,1,4
2010-W36,2010-09-06,2010-09-12,3,3,0,0,3,3,2,0,2,1
2010-W37,2010-09-13,2010-09-19,4,4,0,0,4,5,5,0,1,3
2010-W38,2010-09-20,2010-09-26,2,2,0,0,2,2,1,0,1,1
2010-W39,2010-09-27,2010-10-03,2,2,0,0,2,5,6,0,1,1
2010-W40,2010-10-04,2010-10-10,3,3,0,0,3,5,5,0,0,3
2010-W41,2010-10-11,2010-10-17,2,2,0,0,2,3,1,0,1,1
2010-W42,2010-10-18,2010-10-24,1,1,0,0,1,2,1,0,0,1
2010-W43,2010-10-25,2010-10-31,2,2,0,0,2,2,1,0,0,2
2010-W44,2010-11-01,2010-11-07,2,2,0,0,2,6,7,0,1,1
2010-W45,2010-11-08,2010-11-14,1,1,0,0,1,2,1,0,0,1
2010-W46,2010-11-15,2010-11-21,3,3,0,0,3,5,5,0,1,2
2010-W47,2010-11-22,2010-11-28,4,4,0,0,4,8,10,0,1,3
2010-W48,2010-11-29,2010-12-05,2,2,0,0,2,2,1,0,0,2
2010-W49,2010-12-06,2010-12-12,2,2,0,0,2,2,1,0,0,2
2010-W50,2010-12-13,2010-12-19,5,5,0,0,5,7,7,0,2,3
2010-W51,2010-12-20,2010-12-26,1,1,0,0,1,1,0,0,0,1
2010-W52,2010-12-27,2011-01-02,1,1,0,0,1,1,0,0,0,1
2011-W02,2011-01-10,2011-01-16,3,3,0,0,3,7,15,0,1,2
2011-W03,2011-01-17,2011-01-23,2,2,0,0,2,3,3,0,1,1
2011-W04,2011-01-24,2011-01-30,2,2,0,0,2,3,2,1,1,0
2011-W05,2011-01-31,2011-02-06,2,2,0,0,2,3,3,0,1,1
2011-W06,2011-02-07,2011-02-13,3,3,0,0,3,7,13,0,1,2
2011-W07,2011-02-14,2011-02-20,8,8,0,0,8,13,21,0,7,1
2011-W08,2011-02-21,2011-02-27,2,2,0,0,2,4,4,0,2,0
2011-W09,2011-02-28,2011-03-06,7,7,0,0,7,6,7,0,5,2
2011-W10,2011-03-07,2011-03-13,5,5,0,0,5,5,7,0,3,2
2011-W11,2011-03-14,2011-03-20,14,14,0,0,14,13,18,1,8,5
2011-W12,2011-03-21,2011-03-27,7,7,0,0,7,6,9,0,6,1
2011-W13,2011-03-28,2011-04-03,7,7,0,0,7,9,11,0,5,2
2011-W15,2011-04-11,2011-04-17,1,1,0,0,1,3,3,0,0,1
2011-W16,2011-04-18,2011-04-24,1,1,0,0,1,4,6,0,1,0
2011-W17,2011-04-25,2011-05-01,2,2,0,0,2,6,11,0,2,0
2011-W18,2011-05-02,2011-05-08,1,1,0,0,1,2,1,0,1,0
2011-W19,2011-05-09,2011-05-15,3,3,0,0,3,5,7,0,2,1
2011-W20,2011-05-16,2011-05-22,5,5,0,0,5,7,5,0,3,2
2011-W21,2011-05-23,2011-05-29,4,4,0,0,4,8,10,0,2,2
2011-W22,2011-05-30,2011-06-05,3,3,0,0,3,6,9,0,3,0
2011-W23,2011-06-06,2011-06-12,3,3,0,0,3,6,9,0,3,0
2011-W24,2011-06-13,2011-06-19,3,3,0,0,3,5,7,0,2,1
2011-W25,2011-06-20,2011-06-26,5,5,0,0,5,9,13,0,1,4
2011-W26,2011-06-27,2011-07-03,4,4,0,0,4,6,8,0,2,2
2011-W27,2011-07-04,2011-07-10,10,10,0,0,10,16,26,5,3,2
2011-W28,2011-07-11,2011-07-17,17,17,0,0,17,18,23,3,9,5
2011-W29,2011-07-18,2011-07-24,14,14,0,0,14,19,33,9,4,1
2011-W30,2011-07-25,2011-07-31,30,30,0,0,30,30,56,14,7,9
2011-W31,2011-08-01,2011-08-07,23,23,0,0,23,25,58,11,9,3
2011-W32,2011-08-08,2011-08-14,19,19,0,0,19,33,64,9,7,3
2011-W33,2011-08-15,2011-08-21,20,20,0,0,20,30,71,10,8,2
2011-W34,2011-08-22,2011-08-28,19,19,0,0,19,23,41,12,4,3
2011-W35,2011-08-29,2011-09-04,18,18,0,0,18,31,65,10,8,0
2011-W36,2011-09-05,2011-09-11,19,19,0,0,19,31,63,12,4,3
2011-W37,2011-09-12,2011-09-18,30,30,0,0,30,44,126,11,7,12
2011-W38,2011-09-19,2011-09-25,23,23,0,0,23,29,60,10,11,2
2011-W39,2011-09-26,2011-10-02,32,32,0,0,32,46,110,20,7,5
2011-W40,2011-10-03,2011-10-09,27,27,0,0,27,37,83,14,5,8
2011-W41,2011-10-10,2011-10-16,17,17,0,0,17,28,50,5,10,2
2011-W42,2011-10-17,2011-10-23,32,32,0,0,32,40,104,20,9,3
2011-W43,2011-10-24,2011-10-30,29,29,0,0,29,40,89,18,7,4
2011-W44,2011-10-31,2011-11-06,20,20,0,0,20,28,61,13,7,0
2011-W45,2011-11-07,2011-11-13,27,27,0,0,27,33,80,14,8,5
2011-W46,2011-11-14,2011-11-20,26,26,0,0,26,33,104,20,4,2
2011-W47,2011-11-21,2011-11-27,16,16,0,0,16,32,94,9,5,2
2011-W48,2011-11-28,2011-12-04,39,39,0,0,39,39,110,28,7,4
2011-W49,2011-12-05,2011-12-11,47,47,0,1,46,63,209,13,19,15
2011-W50,2011-12-12,2011-12-18,60,60,0,0,60,62,207,29,23,8
2011-W51,2011-12-19,2011-12-25,39,39,0,0,39,38,109,17,12,10
2011-W52,2011-12-26,2012-01-01,23,23,0,0,23,38,121,13,5,5
2012-W01,2012-01-02,2012-01-08,36,36,0,0,36,39,127,11,15,10
2012-W02,2012-01-09,2012-01-15,34,34,0,0,34,43,119,14,12,8
2012-W03,2012-01-16,2012-01-22,30,30,0,0,30,39,122,16,9,5
2012-W04,2012-01-23,2012-01-29,46,46,0,0,46,57,172,25,15,6
2012-W05,2012-01-30,2012-02-05,44,44,0,0,44,58,193,17,18,9
2012-W06,2012-02-06,2012-02-12,68,68,0,0,68,71,237,30,23,15
2012-W07,2012-02-13,2012-02-19,62,62,0,1,61,61,182,24,23,15
2012-W08,2012-02-20,2012-02-26,41,41,0,1,40,56,211,15,16,10
2012-W09,2012-02-27,2012-03-04,32,32,0,0,32,45,145,13,13,6
2012-W10,2012-03-05,2012-03-11,36,36,0,0,36,56,188,13,12,11
2012-W11,2012-03-12,2012-03-18,48,48,0,0,48,53,172,24,17,7
2012-W12,2012-03-19,2012-03-25,36,36,0,0,36,59,219,19,6,11
2012-W13,2012-03-26,2012-04-01,51,51,0,0,51,69,233,21,23,7
2012-W14,2012-04-02,2012-04-08,47,47,0,0,47,67,248,16,18,13
2012-W15,2012-04-09,2012-04-15,40,40,0,0,40,52,139,12,16,12
2012-W16,2012-04-16,2012-04-22,38,38,0,0,38,55,145,9,10,19
2012-W17,2012-04-23,2012-04-29,39,39,0,0,39,43,105,14,13,12
2012-W18,2012-04-30,2012-05-06,44,44,0,0,44,56,177,17,15,12
2012-W19,2012-05-07,2012-05-13,69,69,0,0,69,73,207,21,22,26
2012-W20,2012-05-14,2012-05-20,39,39,0,0,39,63,245,15,13,11
2012-W21,2012-05-21,2012-05-27,42,42,0,0,42,58,177,11,15,16
2012-W22,2012-05-28,2012-06-03,60,60,0,0,60,76,229,23,22,15
2012-W23,2012-06-04,2012-06-10,47,47,0,0,47,58,142,21,7,19
2012-W24,2012-06-11,2012-06-17,48,48,0,0,48,65,191,17,15,16
2012-W25,2012-06-18,2012-06-24,31,31,0,0,31,40,104,12,13,6
2012-W26,2012-06-25,2012-07-01,38,38,0,0,38,46,131,12,15,11
2012-W27,2012-07-02,2012-07-08,35,35,0,0,35,45,116,15,11,9
2012-W28,2012-07-09,2012-07-15,42,42,0,0,42,52,157,18,11,13
2012-W29,2012-07-16,2012-07-22,71,71,0,0,71,75,228,29,25,17
2012-W30,2012-07-23,2012-07-29,34,34,0,0,34,56,161,15,13,6
2012-W31,2012-07-30,2012-08-05,45,45,0,0,45,60,247,16,14,15
2012-W32,2012-08-06,2012-08-12,83,83,0,1,82,80,287,35,25,23
2012-W33,2012-08-13,2012-08-19,77,77,0,0,77,81,276,33,16,28
2012-W34,2012-08-20,2012-08-26,77,77,0,0,77,96,289,26,14,37
2012-W35,2012-08-27,2012-09-02,79,79,0,0,79,88,336,40,17,22
2012-W36,2012-09-03,2012-09-09,58,58,0,0,58,61,166,31,13,14
2012-W37,2012-09-10,2012-09-16,87,87,0,1,86,89,282,51,23,13
2012-W38,2012-09-17,2012-09-23,83,83,0,0,83,72,209,30,28,25
2012-W39,2012-09-24,2012-09-30,110,110,0,1,109,91,252,38,30,42
2012-W40,2012-10-01,2012-10-07,85,85,0,0,85,72,222,23,23,39
2012-W41,2012-10-08,2012-10-14,120,120,0,0,120,87,244,47,34,39
2012-W42,2012-10-15,2012-10-21,205,205,0,0,205,134,440,94,37,74
2012-W43,2012-10-22,2012-10-28,164,164,0,2,162,124,401,66,51,47
2012-W44,2012-10-29,2012-11-04,129,129,0,0,129,89,255,55,36,38
2012-W45,2012-11-05,2012-11-11,167,167,0,0,167,115,325,81,42,44
2012-W46,2012-11-12,2012-11-18,84,84,0,0,84,53,87,20,17,47
2012-W47,2012-11-19,2012-11-25,72,72,0,0,72,56,91,24,13,35
2012-W48,2012-11-26,2012-12-02,106,106,0,1,105,91,215,20,25,61
2012-W49,2012-12-03,2012-12-09,155,155,0,0,155,104,259,48,25,82
2012-W50,2012-12-10,2012-12-16,75,75,0,0,75,65,171,24,19,32
2012-W51,2012-12-17,2012-12-23,96,96,0,0,96,57,131,21,17,58
2012-W52,2012-12-24,2012-12-30,46,46,0,0,46,39,75,8,10,28
2013-W01,2012-12-31,2013-01-06,97,97,0,0,97,54,118,25,29,43
2013-W02,2013-01-07,2013-01-13,199,199,0,0,199,97,287,15,64,120
2013-W03,2013-01-14,2013-01-20,133,133,0,0,133,80,190,55,28,50
2013-W04,2013-01-21,2013-01-27,180,180,0,0,180,115,322,41,44,95
2013-W05,2013-01-28,2013-02-03,135,135,0,1,134,98,281,28,39,68
2013-W06,2013-02-04,2013-02-10,235,235,0,0,235,118,308,36,51,148
2013-W07,2013-02-11,2013-02-17,228,228,0,1,227,136,360,39,48,141
2013-W08,2013-02-18,2013-02-24,163,163,0,0,163,114,241,30,34,99
2013-W09,2013-02-25,2013-03-03,330,330,0,3,327,198,597,66,78,186
2013-W10,2013-03-04,2013-03-10,128,128,0,3,125,100,346,13,39,76
2013-W11,2013-03-11,2013-03-17,150,150,0,1,149,119,362,29,47,74
2013-W12,2013-03-18,2013-03-24,244,244,0,1,243,173,569,73,56,115
2013-W13,2013-03-25,2013-03-31,218,218,0,0,218,138,406,47,44,127
2013-W14,2013-04-01,2013-04-07,172,172,0,3,169,142,441,45,37,90
2013-W15,2013-04-08,2013-04-14,211,211,0,0,211,123,427,39,55,117
2013-W16,2013-04-15,2013-04-21,197,197,0,1,196,117,344,64,45,88
2013-W17,2013-04-22,2013-04-28,249,249,0,1,248,159,546,89,56,104
2013-W18,2013-04-29,2013-05-05,171,171,0,0,171,129,414,60,37,74
2013-W19,2013-05-06,2013-05-12,151,151,0,0,151,84,226,59,29,63
2013-W20,2013-05-13,2013-05-19,123,123,0,0,123,100,262,42,22,59
2013-W21,2013-05-20,2013-05-26,263,263,0,0,263,136,503,111,31,121
2013-W22,2013-05-27,2013-06-02,156,156,0,1,155,112,321,39,24,93
2013-W23,2013-06-03,2013-06-09,102,102,0,0,102,91,231,23,20,59
2013-W24,2013-06-10,2013-06-16,129,129,0,0,129,121,373,29,35,65
2013-W25,2013-06-17,2013-06-23,83,83,0,0,83,64,156,21,13,49
2013-W26,2013-06-24,2013-06-30,139,139,0,0,139,95,236,47,27,65
2013-W27,2013-07-01,2013-07-07,181,181,0,0,181,121,357,59,39,83
2013-W28,2013-07-08,2013-07-14,212,212,0,0,212,131,381,50,41,121
2013-W29,2013-07-15,2013-07-21,174,174,0,0,174,111,274,31,40,103
2013-W30,2013-07-22,2013-07-28,228,228,0,0,228,143,406,57,60,111
2013-W31,2013-07-29,2013-08-04,141,141,0,0,141,99,288,26,32,83
2013-W32,2013-08-05,2013-08-11,163,163,0,0,163,124,367,26,30,107
2013-W33,2013-08-12,2013-08-18,182,182,0,0,182,153,504,42,42,98
2013-W34,2013-08-19,2013-08-25,143,143,0,0,143,124,360,54,28,61
2013-W35,2013-08-26,2013-09-01,172,172,0,0,172,119,360,62,38,72
2013-W36,2013-09-02,2013-09-08,195,195,0,0,195,111,367,77,29,89
2013-W37,2013-09-09,2013-09-15,214,214,0,0,214,132,419,66,41,107
2013-W38,2013-09-16,2013-09-22,133,133,0,0,133,97,292,34,19,80
2013-W39,2013-09-23,2013-09-29,100,100,0,0,100,81,191,24,27,49
2013-W40,2013-09-30,2013-10-06,103,103,0,0,103,89,260,31,21,51
2013-W41,2013-10-07,2013-10-13,125,125,0,0,125,79,230,35,28,62
2013-W42,2013-10-14,2013-10-20,162,162,0,0,162,107,324,49,23,90
2013-W43,2013-10-21,2013-10-27,109,109,0,0,109,81,235,22,15,72
2013-W44,2013-10-28,2013-11-03,85,85,0,0,85,59,144,37,16,32
2013-W45,2013-11-04,2013-11-10,93,93,0,0,93,74,208,22,15,56
2013-W46,2013-11-11,2013-11-17,92,92,0,0,92,69,164,24,20,48
2013-W47,2013-11-18,2013-11-24,84,84,0,0,84,71,145,34,18,32
2013-W48,2013-11-25,2013-12-01,99,99,0,0,99,77,204,38,15,46
2013-W49,2013-12-02,2013-12-08,95,95,0,0,95,66,150,22,20,53
2013-W50,2013-12-09,2013-12-15,99,99,0,0,99,87,233,42,17,40
2013-W51,2013-12-16,2013-12-22,102,102,0,0,102,86,216,31,13,58
2013-W52,2013-12-23,2013-12-29,54,54,0,0,54,32,63,10,10,34
2014-W01,2013-12-30,2014-01-05,47,47,0,0,47,40,69,7,12,28
2014-W02,2014-01-06,2014-01-12,93,93,0,0,93,67,167,15,13,65
2014-W03,2014-01-13,2014-01-19,113,113,0,0,113,92,266,20,17,76
2014-W04,2014-01-20,2014-01-26,44,44,0,0,44,46,100,5,9,30
2014-W05,2014-01-27,2014-02-02,85,85,0,0,85,86,201,22,17,46
2014-W06,2014-02-03,2014-02-09,34,34,0,0,34,56,141,12,7,15
2014-W07,2014-02-10,2014-02-16,75,75,0,0,75,67,189,13,10,52
2014-W08,2014-02-17,2014-02-23,95,95,0,0,95,75,234,22,15,58
2014-W09,2014-02-24,2014-03-02,88,88,0,0,88,65,161,17,14,57
2014-W10,2014-03-03,2014-03-09,102,102,0,0,102,67,202,27,16,59
2014-W11,2014-03-10,2014-03-16,64,64,0,0,64,61,138,12,17,35
2014-W12,2014-03-17,2014-03-23,66,66,0,0,66,53,122,20,14,32
2014-W13,2014-03-24,2014-03-30,115,115,0,0,115,78,271,19,27,69
2014-W14,2014-03-31,2014-04-06,114,114,0,0,114,96,288,28,17,69
2014-W15,2014-04-07,2014-04-13,99,99,0,0,99,79,198,9,18,72
2014-W16,2014-04-14,2014-04-20,152,152,0,0,152,131,395,32,28,92
2014-W17,2014-04-21,2014-04-27,129,129,0,0,129,114,345,25,25,79
2014-W18,2014-04-28,2014-05-04,112,112,0,0,112,103,316,32,30,50
2014-W19,2014-05-05,2014-05-11,94,94,0,0,94,80,200,18,22,54
2014-W20,2014-05-12,2014-05-18,61,61,0,0,61,48,147,7,11,43
2014-W21,2014-05-19,2014-05-25,68,68,0,0,68,54,158,15,16,37
2014-W22,2014-05-26,2014-06-01,84,84,0,0,84,66,188,25,19,40
2014-W23,2014-06-02,2014-06-08,124,124,0,0,124,113,337,33,22,69
2014-W24,2014-06-09,2014-06-15,207,207,0,0,207,127,447,50,26,131
2014-W25,2014-06-16,2014-06-22,262,262,0,0,262,142,466,57,44,161
2014-W26,2014-06-23,2014-06-29,122,122,0,0,122,114,362,26,26,70
2014-W27,2014-06-30,2014-07-06,72,72,0,0,72,67,190,8,17,47
2014-W28,2014-07-07,2014-07-13,138,138,0,0,138,124,379,37,21,80
2014-W29,2014-07-14,2014-07-20,93,93,0,0,93,83,206,25,18,50
2014-W30,2014-07-21,2014-07-27,83,83,0,0,83,86,227,16,19,48
2014-W31,2014-07-28,2014-08-03,129,129,0,0,129,104,323,34,24,71
2014-W32,2014-08-04,2014-08-10,87,87,0,0,87,87,234,26,19,42
2014-W33,2014-08-11,2014-08-17,59,59,0,0,59,65,166,5,15,39
2014-W34,2014-08-18,2014-08-24,71,71,0,0,71,71,186,13,17,41
2014-W35,2014-08-25,2014-08-31,82,82,0,0,82,81,229,32,15,35
2014-W36,2014-09-01,2014-09-07,124,124,0,0,124,98,280,21,21,82
2014-W37,2014-09-08,2014-09-14,111,111,0,0,111,84,234,27,28,56
2014-W38,2014-09-15,2014-09-21,121,121,0,0,121,90,267,31,23,67
2014-W39,2014-09-22,2014-09-28,94,94,0,0,94,103,269,17,21,56
2014-W40,2014-09-29,2014-10-05,124,124,0,0,124,92,248,39,32,53
2014-W41,2014-10-06,2014-10-12,157,157,0,0,157,135,478,53,39,65
2014-W42,2014-10-13,2014-10-19,139,139,0,0,139,119,396,49,44,46
2014-W43,2014-10-20,2014-10-26,114,114,0,0,114,117,427,41,31,42
2014-W44,2014-10-27,2014-11-02,175,175,0,0,175,156,656,35,46,94
2014-W45,2014-11-03,2014-11-09,182,182,0,0,182,149,547,28,52,102
2014-W46,2014-11-10,2014-11-16,95,95,0,0,95,86,237,5,26,64
2014-W47,2014-11-17,2014-11-23,133,133,0,0,133,98,345,25,35,73
2014-W48,2014-11-24,2014-11-30,111,111,0,0,111,87,268,23,25,63
2014-W49,2014-12-01,2014-12-07,150,150,0,0,150,113,429,30,35,85
2014-W50,2014-12-08,2014-12-14,183,183,0,0,183,145,513,37,49,97
2014-W51,2014-12-15,2014-12-21,137,137,0,0,137,137,445,33,43,61
2014-W52,2014-12-22,2014-12-28,114,114,0,0,114,80,248,9,33,72
2015-W01,2014-12-29,2015-01-04,204,204,0,0,204,126,526,22,57,125
2015-W02,2015-01-05,2015-01-11,441,441,0,0,441,197,1040,69,113,259
2015-W03,2015-01-12,2015-01-18,152,152,0,0,152,138,611,16,62,74
2015-W04,2015-01-19,2015-01-25,205,205,0,0,205,186,850,17,72,116
2015-W05,2015-01-26,2015-02-01,199,199,0,0,199,171,750,38,59,102
2015-W06,2015-02-02,2015-02-08,127,127,0,0,127,114,427,18,27,82
2015-W07,2015-02-09,2015-02-15,197,197,0,0,197,150,693,37,56,104
2015-W08,2015-02-16,2015-02-22,82,82,0,0,82,100,397,5,23,54
2015-W09,2015-02-23,2015-03-01,58,58,0,0,58,76,256,16,22,20
2015-W10,2015-03-02,2015-03-08,66,66,0,0,66,57,169,7,19,40
2015-W11,2015-03-09,2015-03-15,78,78,0,0,78,65,225,5,14,59
2015-W12,2015-03-16,2015-03-22,69,69,0,0,69,74,228,0,16,53
2015-W13,2015-03-23,2015-03-29,151,151,0,0,151,124,421,13,45,93
2015-W14,2015-03-30,2015-04-05,133,133,0,0,133,96,393,20,42,71
2015-W15,2015-04-06,2015-04-12,236,236,0,0,236,149,618,53,54,129
2015-W16,2015-04-13,2015-04-19,212,212,0,0,212,154,620,34,67,111
2015-W17,2015-04-20,2015-04-26,187,187,0,0,187,153,543,39,43,105
2015-W18,2015-04-27,2015-05-03,143,143,0,0,143,125,423,35,31,77
2015-W19,2015-05-04,2015-05-10,144,144,0,0,144,122,388,20,42,82
2015-W20,2015-05-11,2015-05-17,117,117,0,0,117,115,384,30,25,62
2015-W21,2015-05-18,2015-05-24,208,208,0,0,208,155,588,34,64,110
2015-W22,2015-05-25,2015-05-31,162,162,0,0,162,138,542,29,52,81
2015-W23,2015-06-01,2015-06-07,131,131,0,0,131,92,275,18,36,77
2015-W24,2015-06-08,2015-06-14,82,82,0,0,82,69,198,10,14,58
2015-W25,2015-06-15,2015-06-21,116,116,0,0,116,123,410,19,26,71
2015-W26,2015-06-22,2015-06-28,147,147,0,0,147,130,536,41,35,71
2015-W27,2015-06-29,2015-07-05,228,228,0,0,228,156,720,80,53,95
2015-W28,2015-07-06,2015-07-12,127,127,0,0,127,132,539,40,40,47
2015-W29,2015-07-13,2015-07-19,146,146,0,0,146,123,424,54,34,58
2015-W30,2015-07-20,2015-07-26,237,237,0,0,237,174,720,76,57,104
2015-W31,2015-07-27,2015-08-02,108,108,0,0,108,121,416,32,30,46
2015-W32,2015-08-03,2015-08-09,160,160,0,0,160,122,592,37,49,74
2015-W33,2015-08-10,2015-08-16,37,37,0,0,37,52,150,8,5,24
2015-W34,2015-08-17,2015-08-23,67,67,0,0,67,72,210,16,10,41
2015-W35,2015-08-24,2015-08-30,80,80,0,0,80,104,381,28,14,38
2015-W36,2015-08-31,2015-09-06,73,73,0,0,73,81,287,31,13,29
2015-W37,2015-09-07,2015-09-13,108,108,0,0,108,97,364,29,19,60
2015-W38,2015-09-14,2015-09-20,58,58,0,0,58,57,142,14,9,35
2015-W39,2015-09-21,2015-09-27,137,137,0,0,137,112,406,51,43,43
2015-W40,2015-09-28,2015-10-04,129,129,0,0,129,147,618,35,37,57
2015-W41,2015-10-05,2015-10-11,143,143,0,0,143,144,611,32,26,85
2015-W42,2015-10-12,2015-10-18,239,239,0,0,239,199,968,84,50,105
2015-W43,2015-10-19,2015-10-25,140,140,0,0,140,150,690,31,41,68
2015-W44,2015-10-26,2015-11-01,193,193,0,0,193,170,717,44,47,102
2015-W45,2015-11-02,2015-11-08,178,178,0,0,178,151,661,36,53,89
2015-W46,2015-11-09,2015-11-15,113,113,0,0,113,141,507,38,20,55
2015-W47,2015-11-16,2015-11-22,153,153,0,0,153,145,598,52,28,73
2015-W48,2015-11-23,2015-11-29,98,98,0,0,98,123,511,45,13,40
2015-W49,2015-11-30,2015-12-06,152,152,0,0,152,140,544,46,29,77
2015-W50,2015-12-07,2015-12-13,183,183,0,0,183,169,749,64,36,83
2015-W51,2015-12-14,2015-12-20,104,104,0,0,104,118,495,40,18,46
2015-W52,2015-12-21,2015-12-27,109,109,0,0,109,94,357,58,10,41
2015-W53,2015-12-28,2016-01-03,108,108,0,1,107,117,483,43,7,58
2016-W01,2016-01-04,2016-01-10,88,88,0,1,87,102,340,28,13,47
2016-W02,2016-01-11,2016-01-17,85,85,0,2,83,119,422,38,11,36
2016-W03,2016-01-18,2016-01-24,127,127,0,4,123,136,567,41,24,62
2016-W04,2016-01-25,2016-01-31,148,148,0,5,143,133,532,51,41,56
2016-W05,2016-02-01,2016-02-07,101,101,0,8,93,116,513,32,21,48
2016-W06,2016-02-08,2016-02-14,114,114,0,3,111,100,384,54,19,41
2016-W07,2016-02-15,2016-02-21,98,98,0,5,93,99,416,36,20,42
2016-W08,2016-02-22,2016-02-28,168,168,0,6,162,143,677,69,21,78
2016-W09,2016-02-29,2016-03-06,116,116,0,6,110,124,518,39,16,61
2016-W10,2016-03-07,2016-03-13,91,91,0,8,83,105,407,37,17,37
2016-W11,2016-03-14,2016-03-20,131,131,0,5,126,138,625,55,15,61
2016-W12,2016-03-21,2016-03-27,76,76,0,1,75,86,315,42,8,26
2016-W13,2016-03-28,2016-04-03,72,72,0,1,71,91,328,25,12,35
2016-W14,2016-04-04,2016-04-10,67,67,0,2,65,79,299,14,13,40
2016-W15,2016-04-11,2016-04-17,56,56,0,0,56,64,237,9,15,32
2016-W16,2016-04-18,2016-04-24,60,60,0,1,59,72,256,11,10,39
2016-W17,2016-04-25,2016-05-01,78,78,0,5,73,86,336,19,8,51
2016-W18,2016-05-02,2016-05-08,66,66,0,2,64,89,321,19,13,34
2016-W19,2016-05-09,2016-05-15,74,74,0,4,70,88,322,30,14,30
2016-W20,2016-05-16,2016-05-22,118,118,0,1,117,93,368,54,7,57
2016-W21,2016-05-23,2016-05-29,62,62,0,0,62,67,194,22,4,36
2016-W22,2016-05-30,2016-06-05,78,78,0,2,76,85,282,31,9,38
2016-W23,2016-06-06,2016-06-12,78,78,0,2,76,76,242,31,13,34
2016-W24,2016-06-13,2016-06-19,58,58,0,5,53,69,215,14,14,30
2016-W25,2016-06-20,2016-06-26,73,73,0,2,71,65,225,35,17,21
2016-W26,2016-06-27,2016-07-03,70,70,0,2,68,83,278,30,19,21
2016-W27,2016-07-04,2016-07-10,52,52,0,0,52,63,183,31,3,18
2016-W28,2016-07-11,2016-07-17,69,69,0,0,69,79,280,40,7,22
2016-W29,2016-07-18,2016-07-24,88,88,0,1,87,89,301,30,13,45
2016-W30,2016-07-25,2016-07-31,137,137,0,3,134,120,491,79,21,37
2016-W31,2016-08-01,2016-08-07,103,103,0,6,97,88,326,37,27,39
2016-W32,2016-08-08,2016-08-14,82,82,0,6,76,87,270,29,14,39
2016-W33,2016-08-15,2016-08-21,43,43,0,0,43,55,158,8,12,23
2016-W34,2016-08-22,2016-08-28,75,75,0,1,74,95,335,28,18,29
2016-W35,2016-08-29,2016-09-04,56,56,0,5,51,77,265,21,7,28
2016-W36,2016-09-05,2016-09-11,65,65,0,3,62,81,270,23,9,33
2016-W37,2016-09-12,2016-09-18,62,62,0,5,57,76,205,15,8,39
2016-W38,2016-09-19,2016-09-25,49,49,0,2,47,58,172,12,10,27
2016-W39,2016-09-26,2016-10-02,98,98,0,11,87,113,435,33,21,44
2016-W40,2016-10-03,2016-10-09,104,104,0,17,87,92,367,33,29,42
2016-W41,2016-10-10,2016-10-16,133,133,0,21,112,117,533,67,29,37
2016-W42,2016-10-17,2016-10-23,183,183,0,0,183,121,531,80,62,41
2016-W43,2016-10-24,2016-10-30,90,90,0,3,87,94,351,25,26,39
2016-W44,2016-10-31,2016-11-06,78,78,0,6,72,99,369,16,29,33
2016-W45,2016-11-07,2016-11-13,48,48,0,5,43,61,166,7,7,34
2016-W46,2016-11-14,2016-11-20,21,21,0,1,20,33,69,6,6,9
2016-W47,2016-11-21,2016-11-27,28,28,0,0,28,26,40,13,6,9
2016-W48,2016-11-28,2016-12-04,48,48,0,2,46,61,196,20,12,16
2016-W49,2016-12-05,2016-12-11,33,33,0,2,31,61,183,6,10,17
2016-W50,2016-12-12,2016-12-18,36,36,0,2,34,53,148,11,8,17
2016-W51,2016-12-19,2016-12-25,29,29,0,1,28,39,60,15,5,9
2016-W52,2016-12-26,2017-01-01,24,24,0,6,18,39,82,6,4,14
2017-W01,2017-01-02,2017-01-08,59,59,0,1,58,74,184,35,9,15
2017-W02,2017-01-09,2017-01-15,44,44,0,1,43,52,94,28,2,14
2017-W03,2017-01-16,2017-01-22,52,52,0,3,49,59,115,9,11,32
2017-W04,2017-01-23,2017-01-29,43,43,0,0,43,58,174,15,9,19
2017-W05,2017-01-30,2017-02-05,44,44,0,0,44,40,92,27,5,12
2017-W06,2017-02-06,2017-02-12,51,51,0,1,50,57,155,26,11,14
2017-W07,2017-02-13,2017-02-19,39,39,0,0,39,60,188,14,10,15
2017-W08,2017-02-20,2017-02-26,27,27,0,0,27,33,53,10,6,11
2017-W09,2017-02-27,2017-03-05,30,30,0,0,30,38,91,12,8,10
2017-W10,2017-03-06,2017-03-12,27,27,0,4,23,33,73,4,3,20
2017-W11,2017-03-13,2017-03-19,33,33,0,6,27,57,145,6,7,20
2017-W12,2017-03-20,2017-03-26,28,28,0,2,26,43,90,7,6,15
2017-W13,2017-03-27,2017-04-02,43,43,0,1,42,65,183,16,8,19
2017-W14,2017-04-03,2017-04-09,23,23,0,2,21,38,99,2,6,15
2017-W15,2017-04-10,2017-04-16,26,26,0,3,23,45,86,3,3,20
2017-W16,2017-04-17,2017-04-23,45,45,0,5,40,59,165,13,11,21
2017-W17,2017-04-24,2017-04-30,47,47,0,3,44,55,141,18,14,15
2017-W18,2017-05-01,2017-05-07,37,37,0,3,34,48,114,12,9,16
2017-W19,2017-05-08,2017-05-14,43,43,0,3,40,62,159,18,15,10
2017-W20,2017-05-15,2017-05-21,20,20,0,1,19,25,46,4,9,7
2017-W21,2017-05-22,2017-05-28,35,35,0,2,33,38,99,8,7,20
2017-W22,2017-05-29,2017-06-04,42,42,0,11,31,62,180,13,10,19
2017-W23,2017-06-05,2017-06-11,36,36,0,3,33,59,148,13,6,17
2017-W24,2017-06-12,2017-06-18,46,46,0,8,38,66,181,14,10,22
2017-W25,2017-06-19,2017-06-25,56,56,0,5,51,65,169,24,9,23
2017-W26,2017-06-26,2017-07-02,67,67,0,10,57,79,247,27,19,21
2017-W27,2017-07-03,2017-07-09,47,47,0,2,45,60,155,8,8,31
2017-W28,2017-07-10,2017-07-16,63,63,0,11,52,79,216,19,14,30
2017-W29,2017-07-17,2017-07-23,42,42,0,2,40,55,136,15,8,19
2017-W30,2017-07-24,2017-07-30,74,74,0,2,72,93,247,32,14,28
2017-W31,2017-07-31,2017-08-06,48,48,0,14,34,65,156,7,11,30
2017-W32,2017-08-07,2017-08-13,65,65,0,24,41,81,250,20,29,16
2017-W33,2017-08-14,2017-08-20,65,65,0,13,52,83,254,23,17,25
2017-W34,2017-08-21,2017-08-27,73,73,0,8,65,86,256,13,25,35
2017-W35,2017-08-28,2017-09-03,44,44,0,14,30,57,160,8,12,24
2017-W36,2017-09-04,2017-09-10,49,49,0,15,34,66,161,7,18,24
2017-W37,2017-09-11,2017-09-17,55,55,0,11,44,61,137,19,16,20
2017-W38,2017-09-18,2017-09-24,84,84,0,12,72,97,381,22,12,50
2017-W39,2017-09-25,2017-10-01,102,102,0,17,85,103,282,23,21,58
2017-W40,2017-10-02,2017-10-08,55,55,0,13,42,73,266,17,13,25
2017-W41,2017-10-09,2017-10-15,70,70,0,12,58,86,231,28,9,33
2017-W42,2017-10-16,2017-10-22,70,70,0,5,65,95,287,24,17,29
2017-W43,2017-10-23,2017-10-29,68,68,0,3,65,75,194,17,16,35
2017-W44,2017-10-30,2017-11-05,79,79,0,2,77,93,247,34,11,34
2017-W45,2017-11-06,2017-11-12,55,55,0,2,53,53,149,10,9,36
2017-W46,2017-11-13,2017-11-19,49,49,0,6,43,59,147,13,9,27
2017-W47,2017-11-20,2017-11-26,43,43,0,5,38,79,284,17,7,19
2017-W48,2017-11-27,2017-12-03,81,81,0,15,66,103,333,36,8,37
2017-W49,2017-12-04,2017-12-10,46,46,0,4,42,74,217,10,7,29
2017-W50,2017-12-11,2017-12-17,32,32,0,4,28,45,86,6,7,19
2017-W51,2017-12-18,2017-12-24,50,50,0,2,48,57,153,10,5,35
2017-W52,2017-12-25,2017-12-31,44,44,0,9,35,61,162,17,8,19
2018-W01,2018-01-01,2018-01-07,48,48,0,0,48,75,174,20,6,22
2018-W02,2018-01-08,2018-01-14,61,61,0,6,55,79,289,21,10,30
2018-W03,2018-01-15,2018-01-21,61,61,0,15,46,78,245,21,12,28
2018-W04,2018-01-22,2018-01-28,33,33,0,0,33,51,149,10,5,18
2018-W05,2018-01-29,2018-02-04,19,19,0,2,17,48,163,8,2,9
2018-W06,2018-02-05,2018-02-11,41,41,0,0,41,66,221,18,5,18
2018-W07,2018-02-12,2018-02-18,39,39,0,2,37,60,184,20,4,15
2018-W08,2018-02-19,2018-02-25,60,60,0,5,55,85,300,22,13,25
2018-W09,2018-02-26,2018-03-04,42,42,0,2,40,63,142,12,7,23
2018-W10,2018-03-05,2018-03-11,47,47,0,1,46,73,220,19,4,24
2018-W11,2018-03-12,2018-03-18,42,42,0,1,41,73,220,12,10,20
2018-W12,2018-03-19,2018-03-25,34,34,0,2,32,59,172,14,9,11
2018-W13,2018-03-26,2018-04-01,28,28,0,1,27,42,97,10,4,14
2018-W14,2018-04-02,2018-04-08,53,53,0,1,52,83,262,30,8,15
2018-W15,2018-04-09,2018-04-15,51,51,0,4,47,85,289,21,6,24
2018-W16,2018-04-16,2018-04-22,92,92,0,21,71,126,468,40,18,34
2018-W17,2018-04-23,2018-04-29,47,47,0,5,42,90,342,14,0,33
2018-W18,2018-04-30,2018-05-06,47,47,0,0,47,66,196,16,11,20
2018-W19,2018-05-07,2018-05-13,43,43,0,2,41,63,149,18,4,21
2018-W20,2018-05-14,2018-05-20,62,62,0,6,56,88,287,23,11,28
2018-W21,2018-05-21,2018-05-27,74,74,0,6,68,100,404,31,15,28
2018-W22,2018-05-28,2018-06-03,71,71,0,11,60,103,382,36,12,23
2018-W23,2018-06-04,2018-06-10,87,87,0,4,83,109,361,37,9,41
2018-W24,2018-06-11,2018-06-17,86,86,0,15,71,109,383,40,15,31
2018-W25,2018-06-18,2018-06-24,102,102,0,16,86,125,445,46,13,43
2018-W26,2018-06-25,2018-07-01,87,87,0,14,73,129,446,30,18,39
2018-W27,2018-07-02,2018-07-08,54,54,0,8,46,78,206,23,6,25
2018-W28,2018-07-09,2018-07-15,82,82,0,28,54,93,420,37,26,19
2018-W29,2018-07-16,2018-07-22,73,73,0,11,62,107,432,26,18,29
2018-W30,2018-07-23,2018-07-29,90,90,0,7,83,121,457,34,11,45
2018-W31,2018-07-30,2018-08-05,109,109,0,24,85,164,542,31,22,56
2018-W32,2018-08-06,2018-08-12,52,52,0,2,50,109,437,24,4,24
2018-W33,2018-08-13,2018-08-19,104,104,0,3,101,150,597,55,20,29
2018-W34,2018-08-20,2018-08-26,82,82,0,6,76,112,388,31,18,33
2018-W35,2018-08-27,2018-09-02,93,93,0,5,88,145,634,44,15,34
2018-W36,2018-09-03,2018-09-09,86,86,0,13,73,112,358,25,15,46
2018-W37,2018-09-10,2018-09-16,118,118,0,40,78,150,602,39,47,32
2018-W38,2018-09-17,2018-09-23,103,103,0,31,72,118,374,18,38,47
2018-W39,2018-09-24,2018-09-30,49,49,0,7,42,58,212,13,16,20
2018-W40,2018-10-01,2018-10-07,65,65,0,10,55,77,203,7,10,48
2018-W41,2018-10-08,2018-10-14,94,94,0,29,65,107,362,10,32,52
2018-W42,2018-10-15,2018-10-21,94,94,0,7,87,136,542,30,23,41
2018-W43,2018-10-22,2018-10-28,85,85,0,4,81,125,437,28,14,43
2018-W44,2018-10-29,2018-11-04,120,120,0,27,93,139,602,27,16,77
2018-W45,2018-11-05,2018-11-11,95,95,0,23,72,125,536,27,17,51
2018-W46,2018-11-12,2018-11-18,60,60,0,3,57,103,394,23,10,27
2018-W47,2018-11-19,2018-11-25,50,50,0,9,41,81,268,20,6,24
2018-W48,2018-11-26,2018-12-02,70,70,0,14,56,105,381,24,16,30
2018-W49,2018-12-03,2018-12-09,74,74,0,3,71,110,375,24,19,31
2018-W50,2018-12-10,2018-12-16,58,58,0,0,58,84,233,28,11,19
2018-W51,2018-12-17,2018-12-23,88,88,0,6,82,116,430,35,19,34
2018-W52,2018-12-24,2018-12-30,51,51,0,2,49,97,354,26,6,19
2019-W01,2018-12-31,2019-01-06,75,75,0,7,68,94,271,30,17,28
2019-W02,2019-01-07,2019-01-13,71,71,0,8,63,106,415,30,16,25
2019-W03,2019-01-14,2019-01-20,114,114,0,46,68,139,468,44,38,32
2019-W04,2019-01-21,2019-01-27,82,82,0,13,69,118,406,37,13,32
2019-W05,2019-01-28,2019-02-03,58,58,0,1,57,77,201,29,9,20
2019-W06,2019-02-04,2019-02-10,55,55,0,9,46,80,252,18,19,18
2019-W07,2019-02-11,2019-02-17,63,63,0,16,47,85,298,20,26,17
2019-W08,2019-02-18,2019-02-24,75,75,0,13,62,126,446,24,17,34
2019-W09,2019-02-25,2019-03-03,70,70,0,15,55,88,297,27,14,29
2019-W10,2019-03-04,2019-03-10,108,108,0,38,70,151,540,46,29,33
2019-W11,2019-03-11,2019-03-17,134,134,0,52,82,181,711,60,44,30
2019-W12,2019-03-18,2019-03-24,60,60,0,6,54,74,180,14,19,27
2019-W13,2019-03-25,2019-03-31,70,70,0,10,60,110,382,25,20,25
2019-W14,2019-04-01,2019-04-07,86,86,0,13,73,124,443,37,16,33
2019-W15,2019-04-08,2019-04-14,90,90,0,18,72,129,480,41,21,28
2019-W16,2019-04-15,2019-04-21,104,104,0,26,78,155,639,40,38,26
2019-W17,2019-04-22,2019-04-28,129,129,0,45,84,178,729,46,26,57
2019-W18,2019-04-29,2019-05-05,188,188,0,89,99,184,863,76,58,54
2019-W19,2019-05-06,2019-05-12,202,202,0,98,104,221,1045,71,78,53
2019-W20,2019-05-13,2019-05-19,110,110,0,21,89,117,459,41,18,51
2019-W21,2019-05-20,2019-05-26,144,144,0,36,108,200,812,55,29,60
2019-W22,2019-05-27,2019-06-02,107,107,0,29,78,129,470,41,25,41
2019-W23,2019-06-03,2019-06-09,112,112,0,27,85,128,520,37,31,44
2019-W24,2019-06-10,2019-06-16,159,159,0,41,118,189,887,55,44,60
2019-W25,2019-06-17,2019-06-23,76,76,0,8,68,108,418,25,15,36
2019-W26,2019-06-24,2019-06-30,103,103,0,28,75,172,801,27,26,50
2019-W27,2019-07-01,2019-07-07,137,137,0,45,92,157,580,36,29,72
2019-W28,2019-07-08,2019-07-14,206,206,0,85,121,218,854,63,65,78
2019-W29,2019-07-15,2019-07-21,124,124,0,29,95,133,476,54,18,52
2019-W30,2019-07-22,2019-07-28,153,153,0,13,140,182,773,69,36,48
2019-W31,2019-07-29,2019-08-04,125,125,0,17,108,157,543,47,36,42
2019-W32,2019-08-05,2019-08-11,93,93,0,8,85,122,465,47,19,27
2019-W33,2019-08-12,2019-08-18,189,189,0,87,102,213,872,68,55,66
2019-W34,2019-08-19,2019-08-25,208,208,0,82,126,222,969,69,47,92
2019-W35,2019-08-26,2019-09-01,181,181,0,69,112,216,810,61,54,66
2019-W36,2019-09-02,2019-09-08,172,172,0,52,120,190,853,52,71,49
2019-W37,2019-09-09,2019-09-15,178,178,0,61,117,193,778,37,54,87
2019-W38,2019-09-16,2019-09-22,147,147,0,43,104,184,775,52,35,60
2019-W39,2019-09-23,2019-09-29,231,231,0,99,132,190,854,93,94,44
2019-W40,2019-09-30,2019-10-06,255,255,0,75,180,248,1187,112,78,65
2019-W41,2019-10-07,2019-10-13,254,254,0,95,159,262,1205,104,77,73
2019-W42,2019-10-14,2019-10-20,205,205,0,66,139,220,1037,86,59,60
2019-W43,2019-10-21,2019-10-27,206,206,0,96,110,216,888,75,65,66
2019-W44,2019-10-28,2019-11-03,229,229,0,105,124,228,1070,108,59,62
2019-W45,2019-11-04,2019-11-10,221,221,0,111,110,201,855,70,70,81
2019-W46,2019-11-11,2019-11-17,248,248,0,117,131,209,1078,88,109,51
2019-W47,2019-11-18,2019-11-24,223,223,0,113,110,218,1128,86,100,37
2019-W48,2019-11-25,2019-12-01,79,79,0,39,40,104,368,19,30,30
2019-W49,2019-12-02,2019-12-08,293,293,0,190,103,291,1442,116,108,69
2019-W50,2019-12-09,2019-12-15,344,344,0,222,122,284,1533,151,107,86
2019-W51,2019-12-16,2019-12-22,281,281,0,156,125,270,1181,117,80,84
2019-W52,2019-12-23,2019-12-29,165,165,0,83,82,190,760,68,43,54
2020-W01,2019-12-30,2020-01-05,120,120,0,56,64,124,504,37,43,40
2020-W02,2020-01-06,2020-01-12,158,158,0,78,80,182,924,60,46,52
2020-W03,2020-01-13,2020-01-19,155,155,0,82,73,166,636,56,41,58
2020-W04,2020-01-20,2020-01-26,393,393,0,268,125,337,1976,149,157,87
2020-W05,2020-01-27,2020-02-02,240,240,0,141,99,229,1036,71,100,69
2020-W06,2020-02-03,2020-02-09,324,324,0,226,98,294,1452,101,114,109
2020-W07,2020-02-10,2020-02-16,159,159,0,69,90,211,898,44,48,67
2020-W08,2020-02-17,2020-02-23,202,202,0,91,111,223,1022,62,70,70
2020-W09,2020-02-24,2020-03-01,163,163,0,69,94,204,1053,47,55,61
2020-W10,2020-03-02,2020-03-08,219,219,0,89,130,228,1087,53,53,113
2020-W11,2020-03-09,2020-03-15,212,212,0,100,112,186,756,51,74,87
2020-W12,2020-03-16,2020-03-22,267,267,0,200,67,234,1057,35,147,85
2020-W13,2020-03-23,2020-03-29,220,220,0,113,107,212,888,62,76,82
2020-W14,2020-03-30,2020-04-05,167,167,0,103,64,170,653,26,72,69
2020-W15,2020-04-06,2020-04-12,208,208,0,105,103,213,934,51,86,71
2020-W16,2020-04-13,2020-04-19,180,180,0,99,81,200,796,57,69,54
2020-W17,2020-04-20,2020-04-26,176,176,0,73,103,172,727,41,56,79
2020-W18,2020-04-27,2020-05-03,256,256,0,157,99,249,1030,87,94,75
2020-W19,2020-05-04,2020-05-10,211,211,0,121,90,207,1081,53,92,66
2020-W20,2020-05-11,2020-05-17,294,294,0,158,136,290,1276,77,118,99
2020-W21,2020-05-18,2020-05-24,260,260,0,116,144,276,1244,84,73,103
2020-W22,2020-05-25,2020-05-31,248,248,0,103,145,247,1031,93,96,59
2020-W23,2020-06-01,2020-06-07,501,501,0,317,184,410,1879,147,172,182
2020-W24,2020-06-08,2020-06-14,219,219,0,97,122,197,768,73,56,90
2020-W25,2020-06-15,2020-06-21,150,150,0,46,104,153,592,46,44,60
2020-W26,2020-06-22,2020-06-28,168,168,0,57,111,169,705,53,64,51
2020-W27,2020-06-29,2020-07-05,268,268,0,156,112,235,971,86,97,85
2020-W28,2020-07-06,2020-07-12,151,151,0,59,92,153,621,60,54,37
2020-W29,2020-07-13,2020-07-19,175,175,0,128,47,204,845,64,62,49
2020-W30,2020-07-20,2020-07-26,150,150,0,95,55,167,681,48,69,33
2020-W31,2020-07-27,2020-08-02,301,301,0,196,105,277,1176,102,117,82
2020-W32,2020-08-03,2020-08-09,165,165,0,97,68,165,688,46,72,47
2020-W33,2020-08-10,2020-08-16,251,251,0,129,122,239,884,61,93,97
2020-W34,2020-08-17,2020-08-23,223,223,0,118,105,226,956,82,81,60
2020-W35,2020-08-24,2020-08-30,369,369,0,142,227,177,739,79,231,59
2020-W36,2020-08-31,2020-09-06,270,270,0,132,138,241,1017,92,101,77
2020-W37,2020-09-07,2020-09-13,391,391,0,177,214,320,1596,117,150,124
2020-W38,2020-09-14,2020-09-20,294,294,0,123,171,258,1148,89,117,88
2020-W39,2020-09-21,2020-09-27,278,278,0,153,125,298,1340,43,122,113
2020-W40,2020-09-28,2020-10-04,224,224,0,101,123,162,661,69,103,52
2020-W41,2020-10-05,2020-10-11,277,277,0,99,178,266,1186,88,114,75
2020-W42,2020-10-12,2020-10-18,449,449,0,216,233,343,1774,140,156,153
2020-W43,2020-10-19,2020-10-25,268,268,0,96,172,237,1217,59,90,119
2020-W44,2020-10-26,2020-11-01,410,410,0,97,313,273,1497,109,150,151
2020-W45,2020-11-02,2020-11-08,207,207,0,45,162,139,569,65,77,65
2020-W46,2020-11-09,2020-11-15,269,269,0,111,158,221,883,84,131,54
2020-W47,2020-11-16,2020-11-22,194,194,0,64,130,155,582,82,70,42
2020-W48,2020-11-23,2020-11-29,151,151,0,70,81,133,570,49,70,32
2020-W49,2020-11-30,2020-12-06,230,230,0,89,141,171,729,67,113,50
2020-W50,2020-12-07,2020-12-13,166,166,0,45,121,154,636,65,62,39
2020-W51,2020-12-14,2020-12-20,135,135,0,54,81,146,611,51,51,33
2020-W52,2020-12-21,2020-12-27,88,88,0,27,61,105,362,37,33,18
2020-W53,2020-12-28,2021-01-03,145,145,0,53,92,145,704,53,58,34
2021-W01,2021-01-04,2021-01-10,61,61,0,13,48,58,196,16,29,16
2022-W07,2022-02-14,2022-02-20,1,0,1,0,1,1,0,0,0,1
2022-W17,2022-04-25,2022-05-01,12,0,12,2,10,42,181,4,2,6
2022-W18,2022-05-02,2022-05-08,23,0,23,8,15,34,95,4,5,14
2022-W19,2022-05-09,2022-05-15,39,0,39,3,36,77,243,15,8,16
2022-W20,2022-05-16,2022-05-22,105,0,105,51,54,139,509,29,39,37
2022-W21,2022-05-23,2022-05-29,50,0,50,18,32,81,328,18,18,14
2022-W22,2022-05-30,2022-06-05,59,0,59,26,33,110,469,17,18,24
2022-W23,2022-06-06,2022-06-12,63,0,63,22,41,80,249,29,17,17
2022-W24,2022-06-13,2022-06-19,54,0,54,11,43,79,330,26,7,21
2022-W25,2022-06-20,2022-06-26,39,0,39,17,22,72,294,16,5,18
2022-W26,2022-06-27,2022-07-03,55,0,55,7,48,88,358,29,7,19
2022-W27,2022-07-04,2022-07-10,81,0,81,22,59,119,614,40,14,27
2022-W28,2022-07-11,2022-07-17,32,0,32,5,27,55,177,13,8,11
2022-W29,2022-07-18,2022-07-24,58,0,58,16,42,75,316,23,17,18
2022-W30,2022-07-25,2022-07-31,44,0,44,20,24,84,267,18,6,20
2022-W31,2022-08-01,2022-08-07,85,0,85,30,55,115,638,18,34,33
2022-W32,2022-08-08,2022-08-14,77,0,77,29,48,108,478,31,24,22
2022-W33,2022-08-15,2022-08-21,87,0,87,20,67,106,466,39,29,19
2022-W34,2022-08-22,2022-08-28,64,0,64,6,58,87,339,25,23,16
2022-W35,2022-08-29,2022-09-04,148,0,148,96,52,124,576,57,53,38
2022-W36,2022-09-05,2022-09-11,60,0,60,14,46,112,554,35,10,15
2022-W37,2022-09-12,2022-09-18,108,0,108,68,40,143,651,39,34,35
2022-W38,2022-09-19,2022-09-25,91,0,91,33,58,125,522,35,31,25
2022-W39,2022-09-26,2022-10-02,85,0,85,43,42,117,551,28,34,23
2022-W40,2022-10-03,2022-10-09,92,0,92,32,60,126,528,19,33,40
2022-W41,2022-10-10,2022-10-16,90,0,90,27,63,117,491,24,38,28
2022-W42,2022-10-17,2022-10-23,70,0,70,34,36,122,545,25,20,25
2022-W43,2022-10-24,2022-10-30,92,0,92,34,58,122,470,26,32,34
2022-W44,2022-10-31,2022-11-06,102,0,102,55,47,137,638,24,37,41
2022-W45,2022-11-07,2022-11-13,95,0,95,36,59,132,595,40,25,30
2022-W46,2022-11-14,2022-11-20,95,0,95,63,32,120,444,29,38,28
2022-W47,2022-11-21,2022-11-27,116,0,116,86,30,118,438,38,65,13
2022-W48,2022-11-28,2022-12-04,67,0,67,24,43,101,377,45,10,12
2022-W49,2022-12-05,2022-12-11,109,0,109,71,38,112,411,53,35,21
2022-W50,2022-12-12,2022-12-18,102,0,102,53,49,95,316,38,41,23
2022-W51,2022-12-19,2022-12-25,85,0,85,39,46,98,476,50,18,17
2022-W52,2022-12-26,2023-01-01,52,0,52,18,34,86,342,32,9,11
2023-W01,2023-01-02,2023-01-08,43,0,43,4,39,76,355,25,1,17
2023-W02,2023-01-09,2023-01-15,127,0,127,74,53,144,683,63,45,19
2023-W03,2023-01-16,2023-01-22,72,0,72,35,37,123,575,29,30,13
2023-W04,2023-01-23,2023-01-29,124,0,124,66,58,177,813,57,37,30
2023-W05,2023-01-30,2023-02-05,142,0,142,68,74,185,910,63,42,37
2023-W06,2023-02-06,2023-02-12,131,0,131,37,94,149,567,72,30,29
2023-W07,2023-02-13,2023-02-19,72,0,72,16,56,137,781,31,14,27
2023-W08,2023-02-20,2023-02-26,62,0,62,17,45,100,438,25,11,26
2023-W09,2023-02-27,2023-03-05,77,0,77,26,51,116,489,41,17,19
2023-W10,2023-03-06,2023-03-12,121,0,121,69,52,166,839,48,45,28
2023-W11,2023-03-13,2023-03-19,87,0,87,53,34,136,567,37,33,17
2023-W12,2023-03-20,2023-03-26,143,0,143,71,72,168,880,65,43,35
2023-W13,2023-03-27,2023-04-02,99,0,99,49,50,111,478,44,40,15
2023-W14,2023-04-03,2023-04-09,66,0,66,19,47,90,362,31,20,15
2023-W15,2023-04-10,2023-04-16,82,0,82,30,52,140,756,47,18,17
2023-W16,2023-04-17,2023-04-23,65,0,65,30,35,103,454,18,20,27
2023-W17,2023-04-24,2023-04-30,110,0,110,61,49,137,528,35,44,31
2023-W18,2023-05-01,2023-05-07,58,0,58,24,34,92,359,22,18,18
2023-W19,2023-05-08,2023-05-14,72,0,72,26,46,119,484,27,17,28
2023-W20,2023-05-15,2023-05-21,102,0,102,47,55,160,826,46,33,23
2023-W21,2023-05-22,2023-05-28,107,0,107,56,51,146,721,38,39,30
2023-W22,2023-05-29,2023-06-04,125,0,125,69,56,143,658,39,50,36
2023-W23,2023-06-05,2023-06-11,191,0,191,105,86,183,982,89,70,32
2023-W24,2023-06-12,2023-06-18,125,0,125,52,73,122,496,56,40,29
2023-W25,2023-06-19,2023-06-25,128,0,128,71,57,124,597,45,57,26
2023-W26,2023-06-26,2023-07-02,125,0,125,54,71,142,632,35,41,49
2023-W27,2023-07-03,2023-07-09,106,0,106,74,32,118,544,41,39,26
2023-W28,2023-07-10,2023-07-16,144,0,144,86,58,150,740,45,54,45
2023-W29,2023-07-17,2023-07-23,168,0,168,121,47,151,666,48,78,42
2023-W30,2023-07-24,2023-07-30,198,0,198,132,66,192,1115,81,66,51
2023-W31,2023-07-31,2023-08-06,155,0,155,83,72,170,860,76,55,24
2023-W32,2023-08-07,2023-08-13,134,0,134,71,63,159,923,54,49,31
2023-W33,2023-08-14,2023-08-20,99,0,99,42,57,123,516,41,37,21
2023-W34,2023-08-21,2023-08-27,133,0,133,53,80,144,595,51,44,38
2023-W35,2023-08-28,2023-09-03,204,0,204,81,123,167,855,86,53,65
2023-W36,2023-09-04,2023-09-10,96,0,96,24,72,110,435,34,33,29
2023-W37,2023-09-11,2023-09-17,99,0,99,32,67,134,606,39,30,30
2023-W38,2023-09-18,2023-09-24,117,0,117,56,61,132,724,51,35,31
2023-W39,2023-09-25,2023-10-01,194,0,194,102,92,202,1233,65,71,58
2023-W40,2023-10-02,2023-10-08,131,0,131,54,77,174,1163,65,44,22
2023-W41,2023-10-09,2023-10-15,122,0,122,34,88,147,787,63,29,30
2023-W42,2023-10-16,2023-10-22,131,0,131,66,65,148,812,50,47,34
2023-W43,2023-10-23,2023-10-29,137,0,137,67,70,177,1000,53,45,39
2023-W44,2023-10-30,2023-11-05,105,0,105,15,90,152,793,51,22,32
2023-W45,2023-11-06,2023-11-12,104,0,104,38,66,165,1070,39,29,36
2023-W46,2023-11-13,2023-11-19,114,0,114,38,76,169,997,40,29,45
2023-W47,2023-11-20,2023-11-26,88,0,88,15,73,103,420,44,15,29
2023-W48,2023-11-27,2023-12-03,163,0,163,56,107,188,1031,53,52,58
2023-W49,2023-12-04,2023-12-10,93,0,93,16,77,152,804,39,32,22
2023-W50,2023-12-11,2023-12-17,94,0,94,20,74,108,500,35,24,35
2023-W51,2023-12-18,2023-12-24,198,0,198,98,100,188,1219,83,65,50
2023-W52,2023-12-25,2023-12-31,118,0,118,29,89,167,1067,54,36,28
2024-W01,2024-01-01,2024-01-07,225,0,225,101,124,223,1345,99,87,39
2024-W02,2024-01-08,2024-01-14,159,0,159,30,129,181,1120,67,55,37
2024-W03,2024-01-15,2024-01-21,164,0,164,50,114,195,1263,55,49,60
2024-W04,2024-01-22,2024-01-28,182,0,182,51,131,192,1062,70,60,52
2024-W05,2024-01-29,2024-02-04,92,0,92,23,69,145,806,35,19,38
2024-W06,2024-02-05,2024-02-11,137,0,137,42,95,140,708,58,34,45
2024-W07,2024-02-12,2024-02-18,130,0,130,50,80,155,776,50,53,27
2024-W08,2024-02-19,2024-02-25,92,0,92,15,77,136,678,26,26,40
2024-W09,2024-02-26,2024-03-03,117,0,117,14,103,199,1175,26,31,60
2024-W10,2024-03-04,2024-03-10,186,0,186,50,136,229,1349,65,41,80
2024-W11,2024-03-11,2024-03-17,134,0,134,61,73,190,1039,47,52,35
2024-W12,2024-03-18,2024-03-24,152,0,152,39,113,180,1149,68,42,42
2024-W13,2024-03-25,2024-03-31,121,0,121,25,96,157,897,54,33,34
2024-W14,2024-04-01,2024-04-07,104,0,104,31,73,148,780,29,33,42
2024-W15,2024-04-08,2024-04-14,134,0,134,31,103,152,806,51,40,43
2024-W16,2024-04-15,2024-04-21,142,0,142,26,116,133,599,53,47,42
2024-W17,2024-04-22,2024-04-28,158,0,158,61,97,190,1109,74,57,27
2024-W18,2024-04-29,2024-05-05,198,0,198,68,130,210,1354,72,77,49
2024-W19,2024-05-06,2024-05-12,188,0,188,65,123,195,1055,70,64,54
2024-W20,2024-05-13,2024-05-19,118,0,118,20,98,151,934,59,28,31
2024-W21,2024-05-20,2024-05-26,205,0,205,38,167,255,1621,47,36,122
2024-W22,2024-05-27,2024-06-02,184,0,184,27,157,154,865,79,67,38
2024-W23,2024-06-03,2024-06-09,143,0,143,38,105,161,842,49,42,52
2024-W24,2024-06-10,2024-06-16,110,0,110,34,76,162,997,20,29,61
2024-W25,2024-06-17,2024-06-23,146,0,146,65,81,182,1103,32,53,61
2024-W26,2024-06-24,2024-06-30,154,0,154,71,83,151,893,47,73,34
2024-W27,2024-07-01,2024-07-07,100,0,100,41,59,132,737,29,40,31
2024-W28,2024-07-08,2024-07-14,116,0,116,30,86,139,776,44,42,30
2024-W29,2024-07-15,2024-07-21,73,0,73,18,55,116,654,17,13,43
2024-W30,2024-07-22,2024-07-28,133,0,133,38,95,170,1059,45,35,53
2024-W31,2024-07-29,2024-08-04,178,0,178,75,103,205,1272,62,59,57
2024-W32,2024-08-05,2024-08-11,203,0,203,83,120,196,983,70,75,58
2024-W33,2024-08-12,2024-08-18,174,0,174,35,139,211,1245,48,37,89
2024-W34,2024-08-19,2024-08-25,193,0,193,61,132,189,1218,88,55,50
2024-W35,2024-08-26,2024-09-01,194,0,194,95,99,201,1361,70,70,54
2024-W36,2024-09-02,2024-09-08,123,0,123,23,100,148,837,36,43,44
2024-W37,2024-09-09,2024-09-15,137,0,137,44,93,167,896,52,47,38
2024-W38,2024-09-16,2024-09-22,151,0,151,69,82,162,816,29,59,63
2024-W39,2024-09-23,2024-09-29,151,0,151,48,103,152,870,66,34,51
2024-W40,2024-09-30,2024-10-06,171,0,171,53,118,182,1218,77,48,46
2024-W41,2024-10-07,2024-10-13,169,0,169,41,128,183,1178,54,54,61
2024-W42,2024-10-14,2024-10-20,123,0,123,53,70,126,612,43,38,42
2024-W43,2024-10-21,2024-10-27,182,0,182,63,119,166,1028,47,55,80
2024-W44,2024-10-28,2024-11-03,194,0,194,55,139,173,1084,52,46,96
2024-W45,2024-11-04,2024-11-10,66,0,66,17,49,79,262,9,24,33
2024-W46,2024-11-11,2024-11-17,36,0,36,9,27,96,424,4,10,22
2024-W47,2024-11-18,2024-11-24,27,0,27,1,26,56,213,7,7,13
2024-W48,2024-11-25,2024-12-01,32,0,32,5,27,80,457,10,8,14
2024-W49,2024-12-02,2024-12-08,65,0,65,7,58,169,960,6,16,43
2024-W50,2024-12-09,2024-12-15,48,0,48,3,45,130,704,6,4,38
2024-W51,2024-12-16,2024-12-22,79,0,79,17,62,174,1090,20,15,44
2024-W52,2024-12-23,2024-12-29,30,0,30,6,24,79,331,5,10,15
2025-W01,2024-12-30,2025-01-05,33,0,33,3,30,119,733,13,1,19
2025-W02,2025-01-06,2025-01-12,67,0,67,19,48,110,402,19,15,33
2025-W03,2025-01-13,2025-01-19,85,0,85,37,48,120,489,17,30,38
2025-W04,2025-01-20,2025-01-26,54,0,54,24,30,91,333,6,16,32
2025-W05,2025-01-27,2025-02-02,51,0,51,4,47,82,323,14,7,30
2025-W06,2025-02-03,2025-02-09,64,0,64,13,51,114,500,14,9,41
2025-W07,2025-02-10,2025-02-16,69,0,69,8,61,116,491,17,23,29
2025-W08,2025-02-17,2025-02-23,54,0,54,5,49,99,480,12,19,23
2025-W09,2025-02-24,2025-03-02,76,0,76,14,62,125,573,14,17,45
2025-W10,2025-03-03,2025-03-09,43,0,43,2,41,84,351,17,10,16
2025-W11,2025-03-10,2025-03-16,75,0,75,4,71,117,524,26,11,38
2025-W12,2025-03-17,2025-03-23,80,0,80,3,77,133,596,22,20,38
2025-W13,2025-03-24,2025-03-30,76,0,76,3,73,167,902,19,14,43
2025-W14,2025-03-31,2025-04-06,58,0,58,5,53,106,490,13,13,32
2025-W15,2025-04-07,2025-04-13,73,0,73,3,70,106,548,16,12,45
2025-W16,2025-04-14,2025-04-20,66,0,66,6,60,121,545,22,8,36
2025-W17,2025-04-21,2025-04-27,49,0,49,6,43,103,448,18,12,19
2025-W18,2025-04-28,2025-05-04,77,0,77,6,71,122,590,15,15,47
2025-W19,2025-05-05,2025-05-11,106,0,106,8,98,164,853,14,24,68
2025-W20,2025-05-12,2025-05-18,72,0,72,22,50,102,454,22,19,31
2025-W21,2025-05-19,2025-05-25,41,0,41,3,38,94,413,8,7,26
2025-W22,2025-05-26,2025-06-01,64,0,64,4,60,110,487,14,7,43
2025-W23,2025-06-02,2025-06-08,49,0,49,3,46,96,433,23,8,18
2025-W24,2025-06-09,2025-06-15,58,0,58,2,56,84,395,22,5,31
2025-W25,2025-06-16,2025-06-22,70,0,70,1,69,135,867,18,7,45
2025-W26,2025-06-23,2025-06-29,111,0,111,5,106,135,730,41,18,52
2025-W27,2025-06-30,2025-07-06,74,0,74,4,70,125,610,14,12,48
2025-W28,2025-07-07,2025-07-13,57,0,57,7,50,135,868,15,11,31
2025-W29,2025-07-14,2025-07-20,83,0,83,8,75,157,860,18,17,48
2025-W30,2025-07-21,2025-07-27,75,0,75,7,68,142,737,17,13,45
2025-W31,2025-07-28,2025-08-03,81,0,81,10,71,149,919,32,17,32
2025-W32,2025-08-04,2025-08-10,73,0,73,8,65,99,317,19,14,40
2025-W33,2025-08-11,2025-08-17,77,0,77,6,71,116,451,17,19,41
2025-W34,2025-08-18,2025-08-24,93,0,93,6,87,203,1384,24,11,58
2025-W35,2025-08-25,2025-08-31,64,0,64,4,60,96,368,24,10,30
2025-W36,2025-09-01,2025-09-07,39,0,39,2,37,87,466,21,7,11
2025-W37,2025-09-08,2025-09-14,51,0,51,3,48,102,449,13,9,29
2025-W38,2025-09-15,2025-09-21,59,0,59,8,51,161,1043,23,12,24
2025-W39,2025-09-22,2025-09-28,55,0,55,12,43,140,792,16,11,28
2025-W40,2025-09-29,2025-10-05,40,0,40,4,36,102,431,19,5,16
2025-W41,2025-10-06,2025-10-12,22,0,22,2,20,72,357,5,3,14
